id_proyecto,nombre_proyecto,id_cliente,fecha_inicio_estimada,fecha_fin_estimada,fecha_inicio_real,fecha_fin_real,estado,presupuesto_estimado,presupuesto_real,valor_venta,ganancias,horas_estimadas,horas_totales,prioridad,id_metodologia
1,Proy-2023-optimiza,10,2023-12-13,2024-09-17,2023-12-23,2024-12-08,finalizado,874944,910056,1222215.69,312159.69,15624,16251,baja,2
2,Proy-2016-itera,1,2016-02-15,2016-05-12,2016-02-10,2016-06-06,finalizado,87696,98280,133081.62,34801.62,2088,2340,media,3
3,Proy-2020-visualiza,8,2020-11-17,2021-08-07,2020-11-20,2021-09-05,finalizado,631200,799050,963403.38,164353.38,12624,15981,baja,2
4,Proy-2024-orquesta,19,2024-07-05,2025-01-17,2024-07-12,2024-11-25,cancelado,363776,0,548136.7,0.0,6272,0,alta,3
5,Proy-2019-genera,17,2019-10-27,2020-04-10,2019-10-30,2020-04-05,finalizado,254976,246000,356892.43,110892.43,5312,5125,baja,5
6,Proy-2024-sintetiza,18,2024-07-28,2025-03-21,2024-08-02,2025-05-16,finalizado,766528,753130,1078563.36,325433.36,13216,12985,baja,5
7,Proy-2025-modifica,2,2025-11-08,2026-05-30,2025-11-08,2026-07-13,finalizado,779520,758340,1169211.38,410871.38,12992,12639,media,1
8,Proy-2021-abraza,6,2021-03-16,2022-02-26,2021-03-22,2022-05-05,finalizado,866112,799812,1284453.99,484641.99,16656,15381,baja,2
9,Proy-2020-modifica,19,2020-05-27,2020-12-02,2020-05-29,2020-12-08,finalizado,604800,612650,871519.35,258869.35,12096,12253,baja,2
10,Proy-2024-habilita,7,2024-02-16,2024-11-10,2024-02-24,2025-02-22,finalizado,621760,626052,961980.44,335928.44,10720,10794,media,4
11,Proy-2018-empodera,17,2018-05-03,2018-12-31,2018-05-01,2019-01-01,finalizado,712448,663780,953668.49,289888.49,15488,14430,baja,3
12,Proy-2025-innova,11,2025-02-28,2025-06-21,2025-03-05,2025-07-18,finalizado,433920,466800,665664.37,198864.37,7232,7780,media,3
13,Proy-2016-maximiza,6,2016-05-20,2016-10-11,2016-05-18,2016-11-05,finalizado,145152,168882,206718.12,37836.12,3456,4021,alta,3
14,Proy-2020-mejora,5,2020-11-13,2021-03-08,2020-11-21,2021-04-30,finalizado,184000,201300,242053.1,40753.1,3680,4026,alta,3
15,Proy-2020-crea,6,2020-05-14,2020-10-18,2020-05-09,2020-07-09,cancelado,314000,0,437666.06,0.0,6280,0,baja,4
16,Proy-2023-maximiza,5,2023-01-26,2023-12-21,2023-01-28,2024-02-29,finalizado,736960,750456,1138777.06,388321.06,13160,13401,alta,4
17,Proy-2015-orquesta,8,2015-12-08,2016-02-01,2015-12-05,2016-02-11,finalizado,123200,149680,195470.62,45790.62,3080,3742,baja,5
18,Proy-2018-utiliza,16,2018-05-09,2019-05-03,2018-05-05,2019-04-06,finalizado,924784,883476,1389305.94,505829.94,20104,19206,media,5
19,Proy-2020-orquesta,6,2020-01-07,2020-04-30,2020-01-06,2020-05-26,finalizado,364800,461100,549255.94,88155.94,7296,9222,media,4
20,Proy-2017-agrega,1,2017-05-23,2018-05-09,2017-05-31,2018-07-08,finalizado,864864,1028368,1354991.79,326623.79,19656,23372,baja,2
21,Proy-2020-facilita,7,2020-06-28,2020-11-05,2020-07-08,2020-11-10,finalizado,208000,218900,277878.46,58978.46,4160,4378,media,2
22,Proy-2020-utiliza,8,2020-09-02,2021-04-22,2020-09-12,2021-05-25,finalizado,556800,634200,864443.46,230243.46,11136,12684,alta,5
23,Proy-2018-explota,20,2018-03-25,2019-02-05,2018-03-28,2019-05-31,finalizado,816592,741106,1157252.11,416146.11,17752,16111,media,2
24,Proy-2018-evoluciona,2,2018-07-30,2018-12-14,2018-08-05,2018-12-18,finalizado,302496,354798,408252.24,53454.24,6576,7713,baja,5
25,Proy-2020-implementa,6,2020-11-29,2021-07-29,2020-11-26,2021-07-09,finalizado,774400,870900,1170843.2,299943.2,15488,17418,media,1
26,Proy-2017-reinventa,3,2017-02-16,2017-06-18,2017-02-21,2017-03-07,cancelado,214720,0,334672.14,0.0,4880,0,media,1
27,Proy-2017-abraza,17,2017-12-28,2018-09-14,2018-01-01,2018-12-03,finalizado,669760,815488,909055.46,93567.46,14560,17728,alta,3
28,Proy-2016-itera,6,2016-06-19,2016-09-07,2016-06-17,2016-08-30,finalizado,134400,164472,193154.52,28682.52,3200,3916,media,3
29,Proy-2025-innova,18,2025-05-22,2025-11-07,2025-05-19,,planificado,405600,0,627078.09,0.0,6760,0,media,4
30,Proy-2017-mezcla,11,2017-08-22,2018-02-04,2017-08-27,2017-10-26,cancelado,175296,0,242220.61,0.0,3984,0,baja,5
31,Proy-2017-itera,2,2017-09-22,2018-08-18,2017-09-26,2018-10-23,finalizado,464640,555236,738723.92,183487.92,10560,12619,alta,2
32,Proy-2017-evoluciona,16,2017-05-15,2017-08-30,2017-05-11,2017-09-25,finalizado,150656,166804,199214.74,32410.74,3424,3791,media,3
33,Proy-2019-empodera,6,2019-02-05,2020-01-31,2019-02-04,2020-03-12,finalizado,1105920,1057008,1746443.86,689435.86,23040,22021,alta,1
34,Proy-2019-transiciona,15,2019-05-05,2019-10-30,2019-05-06,2019-12-15,finalizado,478464,602688,705888.2,103200.2,9968,12556,alta,4
35,Proy-2022-genera,12,2022-07-07,2022-12-21,2022-07-14,2023-02-22,finalizado,577152,714636,861041.91,146405.91,10688,13234,media,2
36,Proy-2017-implementa,6,2017-12-15,2018-06-20,2017-12-18,2018-07-29,finalizado,394944,373252,562127.19,188875.19,8976,8483,baja,1
37,Proy-2016-maneja,9,2016-01-23,2016-11-23,2016-01-28,2016-11-06,finalizado,512400,469224,791010.14,321786.14,12200,11172,baja,3
38,Proy-2025-maximiza,1,2025-08-21,2025-09-27,2025-08-29,,planificado,88800,0,138503.45,0.0,1480,0,alta,3
39,Proy-2019-recontextualiza,19,2019-07-21,2019-11-18,2019-07-22,2019-12-25,finalizado,368640,450720,479572.3,28852.3,7680,9390,baja,1
40,Proy-2017-monetiza,18,2017-09-20,2017-12-24,2017-09-30,2018-01-11,finalizado,133760,146256,178395.24,32139.24,3040,3324,media,1
41,Proy-2021-incuba,16,2021-11-30,2022-11-27,2021-11-26,2023-01-22,finalizado,752960,788944,1109409.73,320465.73,14480,15172,alta,4
42,Proy-2017-compromete,18,2017-06-20,2018-01-04,2017-06-16,2018-02-03,finalizado,348480,405504,453425.07,47921.07,7920,9216,baja,5
43,Proy-2017-agrega,9,2017-04-24,2017-08-06,2017-04-22,2017-09-09,finalizado,292864,330220,447467.06,117247.06,6656,7505,alta,3
44,Proy-2016-itera,19,2016-01-29,2016-11-26,2016-02-02,2016-12-17,finalizado,304416,375816,439999.2,64183.2,7248,8948,media,4
45,Proy-2018-crece,3,2018-01-06,2018-04-03,2018-01-04,2018-02-08,cancelado,224112,0,303504.3,0.0,4872,0,baja,1
46,Proy-2019-recontextualiza,9,2019-06-20,2020-03-12,2019-06-19,2020-06-13,finalizado,817152,972240,1144988.54,172748.54,17024,20255,alta,4
47,Proy-2021-escala,12,2021-05-09,2022-04-21,2021-05-14,2022-05-18,finalizado,433056,514644,655511.8,140867.8,8328,9897,media,2
48,Proy-2021-libera,5,2021-03-21,2021-09-24,2021-03-31,2021-11-13,finalizado,544544,604656,765829.96,161173.96,10472,11628,media,3
49,Proy-2020-mejora,8,2020-03-31,2020-10-20,2020-04-05,2020-11-11,finalizado,243600,304250,381105.63,76855.63,4872,6085,alta,4
50,Proy-2021-habilita,14,2021-01-24,2021-08-21,2021-02-02,2021-08-10,finalizado,347776,351104,535866.65,184762.65,6688,6752,alta,2
51,Proy-2023-modifica,2,2023-11-10,2024-10-03,2023-11-14,2024-10-18,finalizado,1028608,1093624,1373387.78,279763.78,18368,19529,alta,5
52,Proy-2019-escala,14,2019-01-13,2019-12-20,2019-01-12,2020-04-09,finalizado,523776,667968,689352.43,21384.43,10912,13916,baja,3
53,Proy-2016-extiende,18,2016-01-10,2016-08-22,2016-01-17,2016-08-18,finalizado,529200,494424,719285.46,224861.46,12600,11772,baja,2
54,Proy-2021-innova,8,2021-06-11,2021-11-11,2021-06-10,2021-10-08,cancelado,254592,0,367233.23,0.0,4896,0,media,4
55,Proy-2019-maneja,18,2019-08-06,2020-07-02,2019-08-14,2020-09-19,finalizado,889728,1116768,1201549.78,84781.78,18536,23266,alta,4
56,Proy-2023-libera,5,2023-11-21,2024-01-16,2023-11-25,2024-02-05,finalizado,125440,144760,184572.01,39812.01,2240,2585,baja,1
57,Proy-2021-abraza,5,2021-05-29,2021-12-31,2021-05-30,2022-03-11,finalizado,449280,433992,610602.79,176610.79,8640,8346,alta,4
58,Proy-2022-crece,4,2022-12-19,2023-05-04,2022-12-22,2023-06-11,finalizado,293760,361746,397650.11,35904.11,5440,6699,alta,1
59,Proy-2015-implementa,14,2015-12-02,2016-09-03,2015-12-10,2016-09-19,finalizado,264960,289360,360041.99,70681.99,6624,7234,media,3
60,Proy-2024-crece,14,2024-09-26,2025-07-06,2024-10-02,2025-08-29,finalizado,787872,1006648,1159461.06,152813.06,13584,17356,media,5
61,Proy-2016-libera,4,2016-11-30,2017-01-29,2016-12-10,2017-02-21,finalizado,60480,71190,84699.28,13509.28,1440,1695,media,5
62,Proy-2021-implementa,9,2021-12-06,2022-07-15,2021-12-10,2022-07-17,finalizado,367744,431912,582996.01,151084.01,7072,8306,alta,4
63,Proy-2022-evoluciona,12,2022-07-12,2022-12-28,2022-07-15,2022-12-23,finalizado,292032,325944,448069.47,122125.47,5408,6036,alta,5
64,Proy-2021-agrega,20,2021-03-13,2021-09-18,2021-03-09,2021-11-15,finalizado,314496,320892,410638.3,89746.3,6048,6171,alta,5
65,Proy-2021-revoluciona,19,2021-07-28,2021-10-07,2021-07-25,2021-09-12,cancelado,147680,0,209630.51,0.0,2840,0,baja,5
66,Proy-2022-revoluciona,9,2022-02-06,2022-05-21,2022-02-02,2022-05-17,finalizado,269568,340632,415922.03,75290.03,4992,6308,media,4
67,Proy-2024-extiende,17,2024-02-10,2024-10-21,2024-02-15,2024-11-25,finalizado,942848,942732,1240623.89,297891.89,16256,16254,baja,2
68,Proy-2017-orquesta,4,2017-10-25,2018-04-22,2017-10-29,2018-04-14,finalizado,252032,273944,364554.24,90610.24,5728,6226,media,4
69,Proy-2019-fortalece,10,2019-10-16,2019-12-13,2019-10-17,2019-12-25,finalizado,133632,120528,203064.83,82536.83,2784,2511,baja,5
70,Proy-2025-orquesta,7,2025-07-30,2025-12-07,2025-08-09,,planificado,187200,0,282305.14,0.0,3120,0,media,2
71,Proy-2022-incuba,13,2022-06-05,2022-07-15,2022-06-10,2022-07-27,finalizado,86400,81540,137222.42,55682.42,1600,1510,baja,2
72,Proy-2023-itera,16,2023-05-02,2023-11-15,2023-04-28,2024-01-23,finalizado,706048,691264,1052808.32,361544.32,12608,12344,alta,5
73,Proy-2019-recontextualiza,14,2019-02-22,2020-01-07,2019-02-18,2020-04-05,finalizado,857472,772992,1348116.7,575124.7,17864,16104,media,2
74,Proy-2019-mejora,12,2019-10-12,2020-03-01,2019-10-15,2020-04-03,finalizado,379008,482688,545773.01,63085.01,7896,10056,media,1
75,Proy-2017-crea,15,2017-01-30,2017-09-23,2017-01-25,2017-08-31,finalizado,415360,437492,661309.97,223817.97,9440,9943,media,2
76,Proy-2020-maximiza,2,2020-02-25,2020-10-18,2020-03-01,2020-10-28,finalizado,660800,628300,959432.13,331132.13,13216,12566,media,1
77,Proy-2018-cultiva,9,2018-03-30,2018-09-29,2018-04-05,2018-12-11,finalizado,336720,365424,508758.16,143334.16,7320,7944,baja,4
78,Proy-2024-revoluciona,11,2024-07-31,2025-03-11,2024-08-02,2024-12-01,cancelado,827776,0,1259829.05,0.0,14272,0,media,4
79,Proy-2018-transiciona,3,2018-06-22,2018-10-28,2018-06-22,2018-11-19,finalizado,376832,408158,499433.62,91275.62,8192,8873,baja,3
80,Proy-2024-modifica,9,2024-05-01,2025-04-15,2024-04-30,2025-06-08,finalizado,1133552,1411662,1800767.26,389105.26,19544,24339,baja,4
81,Proy-2022-abraza,9,2022-11-11,2023-01-13,2022-11-20,2023-02-12,finalizado,217728,246132,302352.67,56220.67,4032,4558,baja,1
82,Proy-2023-agrega,5,2023-03-13,2023-05-20,2023-03-10,2023-06-09,finalizado,182784,189672,240206.79,50534.79,3264,3387,media,3
83,Proy-2017-monetiza,16,2017-10-31,2018-06-11,2017-11-07,2018-08-17,finalizado,313984,332904,415833.74,82929.74,7136,7566,baja,2
84,Proy-2018-empodera,1,2018-11-14,2019-03-24,2018-11-18,2019-05-09,finalizado,143520,171212,214047.62,42835.62,3120,3722,media,1
85,Proy-2017-reinventa,17,2017-07-23,2018-01-25,2017-08-01,2018-03-03,finalizado,523776,600776,693322.3,92546.3,11904,13654,alta,4
86,Proy-2025-fortalece,11,2025-01-26,2025-10-22,2025-01-31,,planificado,645600,0,956934.28,0.0,10760,0,alta,2
87,Proy-2016-crece,5,2016-06-16,2016-09-24,2016-06-18,2016-10-29,finalizado,134400,164388,186131.53,21743.53,3200,3914,baja,4
88,Proy-2017-evoluciona,6,2017-03-23,2017-06-12,2017-03-23,2017-07-03,finalizado,199584,215556,276803.92,61247.92,4536,4899,alta,1
89,Proy-2021-abraza,16,2021-10-10,2022-06-28,2021-10-10,2022-08-20,finalizado,325728,350532,514031.64,163499.64,6264,6741,media,4
90,Proy-2021-explota,14,2021-07-28,2022-06-20,2021-07-31,2022-08-15,finalizado,952224,885872,1309392.5,423520.5,18312,17036,baja,1
91,Proy-2021-itera,3,2021-07-23,2022-01-25,2021-07-20,2022-03-26,finalizado,386880,496444,532463.25,36019.25,7440,9547,media,5
92,Proy-2024-fortalece,3,2024-12-18,2025-06-09,2024-12-25,,en curso,642176,0,896562.91,0.0,11072,0,alta,4
93,Proy-2023-fortalece,14,2023-11-07,2024-03-11,2023-11-13,2024-04-06,finalizado,448000,455392,682609.37,227217.37,8000,8132,baja,5
94,Proy-2022-orquesta,17,2022-01-20,2023-01-10,2022-01-17,2023-05-19,finalizado,1226880,1117638,1739872.56,622234.56,22720,20697,baja,3
95,Proy-2023-maximiza,14,2023-04-19,2024-01-05,2023-04-23,2024-01-08,cancelado,935424,0,1431736.7,0.0,16704,0,alta,3
96,Proy-2025-explota,2,2025-09-28,2026-05-12,2025-10-06,2026-07-18,finalizado,325440,303000,449718.41,146718.41,5424,5050,media,1
97,Proy-2025-extiende,2,2025-07-26,2025-10-17,2025-07-30,2025-11-10,finalizado,278880,348300,391879.16,43579.16,4648,5805,alta,1
98,Proy-2016-revoluciona,1,2016-08-22,2017-06-01,2016-08-22,2017-02-04,cancelado,760704,0,1172011.96,0.0,18112,0,baja,4
99,Proy-2021-incuba,6,2021-04-06,2021-09-09,2021-04-11,2021-10-20,finalizado,324480,325780,445013.14,119233.14,6240,6265,alta,5
100,Proy-2020-explota,15,2020-12-04,2021-01-04,2020-12-11,2021-01-17,finalizado,37200,48250,51196.54,2946.54,744,965,media,1
101,Proy-2025-redefine,7,2025-04-04,2026-01-03,2025-04-04,,en curso,789120,0,1153458.06,0.0,13152,0,alta,3
102,Proy-2019-escala,14,2019-01-10,2019-06-18,2019-01-15,2019-06-15,finalizado,427392,478224,634510.37,156286.37,8904,9963,media,4
103,Proy-2017-libera,8,2017-08-27,2018-01-24,2017-08-24,2017-09-17,cancelado,211200,0,333782.27,0.0,4800,0,alta,4
104,Proy-2023-libera,15,2023-12-14,2024-07-29,2023-12-10,2024-09-26,finalizado,612864,599144,832787.65,233643.65,10944,10699,media,1
105,Proy-2024-optimiza,7,2024-05-03,2024-11-30,2024-05-12,2024-12-17,finalizado,293712,376536,456487.6,79951.6,5064,6492,alta,2
106,Proy-2025-extiende,2,2025-03-14,2025-10-07,2025-03-15,2025-10-31,finalizado,397440,482100,604978.75,122878.75,6624,8035,alta,1
107,Proy-2018-crece,20,2018-02-14,2019-02-03,2018-02-16,2019-05-11,finalizado,521088,581486,740298.33,158812.33,11328,12641,media,5
108,Proy-2018-recontextualiza,10,2018-01-23,2018-12-09,2018-01-24,2018-12-19,finalizado,353280,443440,517441.83,74001.83,7680,9640,baja,3
109,Proy-2024-recontextualiza,16,2024-09-04,2025-02-12,2024-09-01,2025-03-20,finalizado,597632,586786,930762.21,343976.21,10304,10117,baja,2
110,Proy-2018-agrega,2,2018-01-11,2018-07-29,2018-01-06,2018-09-21,finalizado,366160,433182,580341.35,147159.35,7960,9417,alta,4
111,Proy-2017-explota,3,2017-09-01,2018-01-11,2017-09-02,2018-01-10,finalizado,185856,215380,242698.3,27318.3,4224,4895,baja,2
112,Proy-2017-habilita,1,2017-03-17,2017-06-26,2017-03-24,2017-06-28,finalizado,213312,221012,330198.64,109186.64,4848,5023,media,3
113,Proy-2024-reinventa,6,2024-07-04,2025-07-03,2024-07-04,2025-07-12,finalizado,1182272,1442054,1697583.38,255529.38,20384,24863,baja,2
114,Proy-2025-sinergiza,3,2025-08-23,2026-07-09,2025-08-23,,planificado,1228800,0,1598442.53,0.0,20480,0,baja,3
115,Proy-2017-implementa,2,2017-01-17,2017-08-06,2017-01-14,2017-07-24,finalizado,566016,555676,821185.93,265509.93,12864,12629,baja,5
116,Proy-2021-genera,1,2021-04-26,2021-11-22,2021-04-28,2022-01-25,finalizado,698880,853216,959785.26,106569.26,13440,16408,media,5
117,Proy-2025-reinventa,2,2025-02-22,2025-10-13,2025-02-20,,en curso,894720,0,1211699.84,0.0,14912,0,alta,1
118,Proy-2020-sinergiza,4,2020-04-25,2021-04-13,2020-05-03,2021-04-10,finalizado,1129600,1451650,1590273.45,138623.45,22592,29033,baja,3
119,Proy-2021-mezcla,5,2021-03-27,2021-09-06,2021-04-03,2021-11-15,finalizado,406848,463112,536511.36,73399.36,7824,8906,media,1
120,Proy-2025-compromete,13,2025-07-01,2026-06-17,2025-06-28,2026-08-08,finalizado,1010880,987840,1479765.04,491925.04,16848,16464,baja,2
121,Proy-2022-mezcla,2,2022-05-12,2022-11-30,2022-05-19,2022-12-08,finalizado,523584,565164,824650.59,259486.59,9696,10466,baja,4
122,Proy-2024-recontextualiza,8,2024-07-13,2024-12-18,2024-07-12,2024-12-29,finalizado,219936,254446,343766.76,89320.76,3792,4387,baja,1
123,Proy-2023-itera,10,2023-09-12,2024-06-08,2023-09-07,2023-12-10,cancelado,483840,0,700264.78,0.0,8640,0,media,1
124,Proy-2016-agrega,20,2016-11-09,2017-04-20,2016-11-19,2016-12-09,cancelado,381024,0,513573.4,0.0,9072,0,alta,5
125,Proy-2017-sintetiza,2,2017-04-03,2017-10-13,2017-04-02,2017-11-23,finalizado,543488,665588,853504.9,187916.9,12352,15127,media,2
126,Proy-2020-compromete,3,2020-08-03,2021-03-03,2020-07-31,2021-03-22,finalizado,339200,373050,518044.46,144994.46,6784,7461,alta,3
127,Proy-2020-optimiza,3,2020-04-19,2020-09-12,2020-04-27,2020-10-05,finalizado,175200,204700,246550.2,41850.2,3504,4094,baja,1
128,Proy-2024-redefine,13,2024-07-10,2025-05-09,2024-07-17,2025-07-17,finalizado,702960,769254,1066871.09,297617.09,12120,13263,baja,3
129,Proy-2016-utiliza,18,2016-05-27,2017-05-03,2016-05-28,2017-06-21,finalizado,458304,565866,632725.73,66859.73,10912,13473,media,2
130,Proy-2023-abraza,11,2023-12-23,2024-11-15,2023-12-20,2024-06-13,cancelado,1028608,0,1584809.52,0.0,18368,0,baja,1
131,Proy-2016-mezcla,9,2016-06-27,2017-01-25,2016-06-23,2017-01-12,finalizado,498624,569184,777148.42,207964.42,11872,13552,alta,3
132,Proy-2019-crea,4,2019-08-16,2019-12-26,2019-08-19,2020-02-14,finalizado,304128,306576,398207.81,91631.81,6336,6387,alta,4
133,Proy-2019-facilita,19,2019-08-12,2019-11-19,2019-08-11,2019-12-02,finalizado,266112,257808,351701.33,93893.33,5544,5371,media,3
134,Proy-2019-optimiza,9,2019-01-27,2019-06-21,2019-01-25,2019-07-13,finalizado,278400,252240,375996.76,123756.76,5800,5255,media,3
135,Proy-2016-innova,3,2016-02-01,2016-08-06,2016-02-04,2016-10-05,finalizado,251328,307440,369323.36,61883.36,5984,7320,baja,3
136,Proy-2024-facilita,12,2024-08-31,2025-04-06,2024-09-04,2025-03-22,finalizado,606912,758698,896179.11,137481.11,10464,13081,baja,2
137,Proy-2021-modifica,16,2021-12-15,2022-04-26,2021-12-10,2022-05-07,finalizado,274560,296296,395294.02,98998.02,5280,5698,baja,1
138,Proy-2021-crea,1,2021-07-31,2021-10-24,2021-07-28,2021-10-12,finalizado,141440,136344,205449.98,69105.98,2720,2622,alta,2
139,Proy-2021-reinventa,7,2021-07-31,2022-04-20,2021-08-07,2022-05-27,finalizado,875264,962936,1385298.73,422362.73,16832,18518,baja,1
140,Proy-2023-maneja,7,2023-08-28,2023-11-30,2023-09-05,2024-01-11,finalizado,252672,270536,381981.59,111445.59,4512,4831,baja,1
141,Proy-2016-optimiza,4,2016-12-19,2017-06-26,2016-12-26,2017-07-07,finalizado,190512,219744,299253.91,79509.91,4536,5232,baja,2
142,Proy-2022-evoluciona,16,2022-10-24,2023-03-01,2022-10-22,2023-03-07,finalizado,442368,538380,702789.63,164409.63,8192,9970,media,4
143,Proy-2016-fortalece,1,2016-11-08,2017-02-02,2016-11-12,2017-03-08,finalizado,86688,81522,114154.36,32632.36,2064,1941,baja,3
144,Proy-2021-orquesta,14,2021-11-29,2022-10-12,2021-12-02,2023-02-05,finalizado,791232,785616,1029294.57,243678.57,15216,15108,baja,5
145,Proy-2023-recontextualiza,6,2023-11-06,2024-09-10,2023-11-05,2024-12-29,finalizado,830592,1009680,1082050.49,72370.49,14832,18030,media,5
146,Proy-2018-crea,13,2018-03-23,2018-08-04,2018-04-02,2018-10-01,finalizado,197248,218730,307209.58,88479.58,4288,4755,alta,4
147,Proy-2023-itera,9,2023-09-24,2024-07-04,2023-09-22,2024-09-27,finalizado,763392,790944,1180064.34,389120.34,13632,14124,media,1
148,Proy-2018-escala,3,2018-08-23,2018-11-20,2018-08-18,2018-12-11,finalizado,262016,326968,376150.14,49182.14,5696,7108,media,4
149,Proy-2023-revoluciona,19,2023-04-05,2023-09-04,2023-04-05,2023-08-27,finalizado,204288,260624,279648.21,19024.21,3648,4654,media,3
150,Proy-2023-genera,19,2023-03-24,2024-01-24,2023-03-20,2024-03-08,finalizado,959616,1096480,1252704.37,156224.37,17136,19580,alta,1
151,Proy-2019-maximiza,3,2019-10-28,2019-12-01,2019-10-27,2019-12-05,finalizado,39168,48528,58410.48,9882.48,816,1011,baja,5
152,Proy-2024-incuba,19,2024-02-23,2024-10-31,2024-02-26,2025-01-12,finalizado,815248,1018538,1115840.07,97302.07,14056,17561,baja,2
153,Proy-2016-transforma,14,2016-08-19,2016-12-03,2016-08-16,2016-11-26,finalizado,249312,257712,354492.4,96780.4,5936,6136,media,3
154,Proy-2019-evoluciona,6,2019-02-02,2019-05-03,2019-02-06,2019-05-05,finalizado,276480,333216,430702.28,97486.28,5760,6942,media,2
155,Proy-2018-transforma,1,2018-08-04,2018-12-16,2018-08-11,2018-12-18,finalizado,295872,300518,451270.51,150752.51,6432,6533,baja,2
156,Proy-2018-fortalece,13,2018-01-11,2018-06-28,2018-01-17,2018-08-11,finalizado,309120,401304,474772.55,73468.55,6720,8724,media,5
157,Proy-2020-incuba,10,2020-05-02,2020-07-15,2020-05-09,2020-08-20,finalizado,177600,169500,243457.91,73957.91,3552,3390,media,5
158,Proy-2020-revoluciona,11,2020-10-24,2021-05-26,2020-10-29,2021-07-18,finalizado,599200,757200,934666.27,177466.27,11984,15144,baja,2
159,Proy-2022-genera,9,2022-01-28,2022-06-20,2022-02-06,2022-07-13,finalizado,247104,235926,356089.2,120163.2,4576,4369,media,4
160,Proy-2018-maneja,12,2018-12-25,2019-05-07,2019-01-01,2019-06-26,finalizado,153216,176688,212022.67,35334.67,3192,3681,baja,4
161,Proy-2021-modifica,11,2021-10-14,2021-11-23,2021-10-19,2021-12-09,finalizado,133120,163332,203442.85,40110.85,2560,3141,alta,2
162,Proy-2023-abraza,15,2023-03-19,2023-06-20,2023-03-21,2023-06-26,finalizado,166656,170352,262920.45,92568.45,2976,3042,alta,2
163,Proy-2022-facilita,11,2022-07-27,2023-04-17,2022-07-27,2023-06-09,finalizado,912384,955098,1402075.6,446977.6,16896,17687,baja,1
164,Proy-2023-extiende,5,2023-10-04,2023-12-13,2023-10-08,2024-01-08,finalizado,250880,275912,374191.44,98279.44,4480,4927,media,1
165,Proy-2022-revoluciona,16,2022-09-08,2023-06-07,2022-09-13,2023-05-28,finalizado,940032,1169694,1299955.17,130261.17,17408,21661,media,5
166,Proy-2017-mezcla,16,2017-07-31,2018-04-22,2017-08-07,2018-06-20,finalizado,746240,716056,1093182.62,377126.62,16960,16274,alta,1
167,Proy-2017-mezcla,2,2017-03-15,2017-05-08,2017-03-11,2017-05-15,finalizado,57024,63712,77016.61,13304.61,1296,1448,baja,1
168,Proy-2024-implementa,11,2024-12-15,2025-07-12,2024-12-23,,planificado,581856,0,885797.28,0.0,10032,0,baja,1
169,Proy-2019-integra,1,2019-05-30,2019-09-02,2019-06-08,2019-09-16,finalizado,182400,165984,274073.68,108089.68,3800,3458,media,2
170,Proy-2016-sintetiza,1,2016-12-06,2017-11-29,2016-12-02,2017-05-20,cancelado,601440,0,824207.68,0.0,14320,0,baja,3
171,Proy-2016-revoluciona,14,2016-06-17,2016-07-21,2016-06-16,2016-07-27,finalizado,45696,49434,63012.53,13578.53,1088,1177,alta,4
172,Proy-2020-implementa,18,2020-11-12,2020-12-12,2020-11-09,2020-12-12,finalizado,60000,61900,86281.84,24381.84,1200,1238,media,2
173,Proy-2019-itera,8,2019-02-07,2019-12-20,2019-02-03,2019-12-05,finalizado,606720,659760,838856.91,179096.91,12640,13745,baja,4
174,Proy-2016-escala,1,2016-06-26,2017-03-10,2016-07-02,2017-06-06,finalizado,690816,717318,965471.8,248153.8,16448,17079,baja,3
175,Proy-2016-compromete,13,2016-06-06,2017-01-09,2016-06-13,2017-02-08,finalizado,583296,671202,902989.87,231787.87,13888,15981,media,4
176,Proy-2016-innova,20,2016-04-08,2017-04-02,2016-04-17,2017-07-14,finalizado,603120,686364,942609.36,256245.36,14360,16342,media,2
177,Proy-2022-monetiza,2,2022-07-10,2022-11-18,2022-07-13,2022-11-24,finalizado,226368,267570,350948.96,83378.96,4192,4955,alta,1
178,Proy-2021-implementa,12,2021-07-14,2021-08-18,2021-07-23,2021-09-04,finalizado,87360,106756,139238.48,32482.48,1680,2053,baja,5
179,Proy-2017-utiliza,9,2017-04-30,2018-04-15,2017-05-02,2018-04-28,finalizado,985600,930336,1512151.55,581815.55,22400,21144,baja,2
180,Proy-2023-compromete,4,2023-02-01,2023-06-13,2023-02-09,2023-08-06,finalizado,236544,255528,351534.46,96006.46,4224,4563,baja,5
181,Proy-2018-redefine,16,2018-11-16,2019-08-01,2018-11-19,2019-08-06,finalizado,474720,597172,677671.72,80499.72,10320,12982,media,5
182,Proy-2020-explota,10,2020-09-24,2021-02-26,2020-09-27,2021-04-27,finalizado,434000,417350,689271.18,271921.18,8680,8347,alta,4
183,Proy-2016-habilita,4,2016-10-17,2017-04-20,2016-10-17,2017-06-23,finalizado,310800,316386,406806.77,90420.77,7400,7533,alta,5
184,Proy-2018-agrega,3,2018-08-21,2019-07-11,2018-08-19,2019-09-10,finalizado,596160,672106,814525.26,142419.26,12960,14611,baja,4
185,Proy-2025-cultiva,12,2025-02-10,2026-01-17,2025-02-09,,en curso,491040,0,730931.54,0.0,8184,0,baja,2
186,Proy-2018-escala,12,2018-03-09,2018-04-25,2018-03-07,2018-04-25,finalizado,69184,83674,101347.06,17673.06,1504,1819,alta,4
187,Proy-2016-crece,5,2016-01-21,2016-10-21,2016-01-19,2016-10-22,finalizado,736512,839412,1105793.18,266381.18,17536,19986,baja,1
188,Proy-2021-abraza,15,2021-04-03,2021-09-27,2021-04-11,2021-12-10,finalizado,294528,381524,465299.72,83775.72,5664,7337,media,1
189,Proy-2021-escala,13,2021-05-06,2021-09-22,2021-05-07,2021-11-05,finalizado,404768,374036,606029.36,231993.36,7784,7193,alta,5
190,Proy-2017-monetiza,17,2017-08-02,2017-12-17,2017-08-09,2018-01-12,finalizado,192896,225104,298151.43,73047.43,4384,5116,media,2
191,Proy-2024-mejora,6,2024-03-29,2024-12-28,2024-04-05,2024-07-27,cancelado,1017088,0,1627067.07,0.0,17536,0,baja,5
192,Proy-2016-innova,19,2016-07-06,2017-01-03,2016-07-11,2017-03-13,finalizado,243264,278502,333855.86,55353.86,5792,6631,alta,2
193,Proy-2017-redefine,7,2017-03-19,2018-03-11,2017-03-22,2018-05-23,finalizado,753984,742588,1088321.9,345733.9,17136,16877,baja,3
194,Proy-2016-cultiva,7,2016-09-08,2017-03-04,2016-09-10,2017-03-19,finalizado,416304,493206,608676.23,115470.23,9912,11743,alta,1
195,Proy-2023-integra,12,2023-08-10,2024-01-09,2023-08-05,2023-12-26,finalizado,544768,562240,730859.71,168619.71,9728,10040,baja,1
196,Proy-2016-facilita,4,2016-03-23,2017-02-13,2016-03-27,2017-05-19,finalizado,769104,874692,1076646.28,201954.28,18312,20826,alta,2
197,Proy-2025-mejora,11,2025-08-28,2025-11-15,2025-08-23,2025-11-14,finalizado,113760,117960,170847.12,52887.12,1896,1966,baja,2
198,Proy-2018-revoluciona,18,2018-11-14,2019-05-08,2018-11-24,2019-07-16,finalizado,193200,231196,298784.38,67588.38,4200,5026,alta,3
199,Proy-2020-abraza,8,2020-09-04,2020-11-08,2020-09-11,2020-12-10,finalizado,156000,187700,224253.64,36553.64,3120,3754,media,2
200,Proy-2024-habilita,10,2024-03-17,2024-10-12,2024-03-21,2024-10-11,finalizado,678832,618164,1003712.3,385548.3,11704,10658,alta,2
201,Proy-2023-orquesta,6,2023-08-04,2024-01-13,2023-08-06,2024-02-22,finalizado,508032,506352,811858.74,305506.74,9072,9042,media,2
202,Proy-2025-utiliza,3,2025-02-25,2025-04-23,2025-03-05,,planificado,82080,0,118700.9,0.0,1368,0,baja,5
203,Proy-2017-transforma,11,2017-02-04,2017-08-03,2017-02-04,2017-08-05,finalizado,506880,639012,739873.21,100861.21,11520,14523,baja,1
204,Proy-2016-compromete,16,2016-02-23,2016-06-05,2016-02-18,2016-06-23,finalizado,173040,167160,265552.11,98392.11,4120,3980,alta,4
205,Proy-2016-itera,9,2016-10-14,2017-03-06,2016-10-15,2017-01-18,cancelado,336336,0,523997.53,0.0,8008,0,baja,2
206,Proy-2021-transiciona,15,2021-12-18,2022-02-09,2021-12-26,2022-03-05,finalizado,132288,137332,202108.69,64776.69,2544,2641,media,5
207,Proy-2023-transiciona,14,2023-06-11,2023-12-12,2023-06-16,2023-12-10,finalizado,247296,225960,381688.56,155728.56,4416,4035,alta,5
208,Proy-2022-mezcla,9,2022-09-06,2023-02-20,2022-09-01,2023-02-23,finalizado,288576,301752,388440.35,86688.35,5344,5588,alta,1
209,Proy-2017-recontextualiza,9,2017-11-26,2018-08-04,2017-12-03,2018-07-18,finalizado,353408,371272,526972.63,155700.63,8032,8438,media,1
210,Proy-2022-transforma,19,2022-02-12,2022-05-12,2022-02-16,2022-03-08,cancelado,269136,0,407231.96,0.0,4984,0,alta,3
211,Proy-2024-escala,6,2024-05-16,2025-03-06,2024-05-19,2025-05-08,finalizado,545664,600532,793956.37,193424.37,9408,10354,baja,5
212,Proy-2016-genera,6,2016-05-05,2016-07-24,2016-05-07,2016-07-29,finalizado,80640,77406,110268.74,32862.74,1920,1843,media,3
213,Proy-2016-empodera,12,2016-03-13,2016-09-11,2016-03-10,2016-08-05,cancelado,366912,0,488670.1,0.0,8736,0,baja,5
214,Proy-2025-agrega,14,2025-10-20,2026-03-18,2025-10-15,,en curso,357600,0,495968.57,0.0,5960,0,alta,5
215,Proy-2023-sinergiza,9,2023-07-03,2023-10-13,2023-06-28,2023-10-21,finalizado,182784,180712,281245.27,100533.27,3264,3227,media,2
216,Proy-2021-empodera,7,2021-09-26,2022-04-29,2021-09-28,2022-01-21,cancelado,536640,0,741147.12,0.0,10320,0,media,4
217,Proy-2022-transforma,19,2022-05-01,2023-02-10,2022-04-30,2023-02-07,finalizado,861840,999108,1315975.13,316867.13,15960,18502,baja,3
218,Proy-2020-incentiva,15,2020-11-26,2021-06-15,2020-12-04,2021-06-14,finalizado,402000,399200,557454.54,158254.54,8040,7984,baja,5
219,Proy-2016-redefine,20,2016-10-18,2017-09-28,2016-10-27,2017-10-08,finalizado,927360,1152606,1223835.7,71229.7,22080,27443,media,2
220,Proy-2021-integra,10,2021-03-15,2021-10-06,2021-03-19,2021-11-04,finalizado,341120,318136,478727.16,160591.16,6560,6118,alta,5
221,Proy-2017-optimiza,7,2017-05-19,2018-01-29,2017-05-21,2018-02-09,finalizado,359040,370568,476894.25,106326.25,8160,8422,alta,2
222,Proy-2023-crea,16,2023-10-30,2023-12-09,2023-11-09,2023-12-19,finalizado,71680,85680,106955.61,21275.61,1280,1530,alta,3
223,Proy-2023-reinventa,19,2023-10-27,2024-04-19,2023-10-30,2024-04-27,finalizado,313600,362768,500736.01,137968.01,5600,6478,alta,2
224,Proy-2022-mezcla,7,2022-05-11,2023-02-02,2022-05-20,2023-02-13,finalizado,461376,564408,604276.02,39868.02,8544,10452,baja,4
225,Proy-2022-compromete,8,2022-12-05,2023-10-10,2022-12-06,2023-11-11,finalizado,400464,479412,624456.48,145044.48,7416,8878,alta,2
226,Proy-2016-redefine,8,2016-04-15,2016-10-11,2016-04-14,2016-12-18,finalizado,421008,458976,586420.94,127444.94,10024,10928,alta,2
227,Proy-2025-sintetiza,19,2025-06-20,2026-01-07,2025-06-15,2026-01-04,finalizado,675360,863520,1037190.54,173670.54,11256,14392,baja,5
228,Proy-2025-crece,17,2025-04-09,2025-11-02,2025-04-19,,en curso,496800,0,710524.95,0.0,8280,0,alta,4
229,Proy-2025-itera,12,2025-01-11,2025-03-06,2025-01-12,2025-03-02,finalizado,155520,145020,216549.62,71529.62,2592,2417,media,3
230,Proy-2020-mezcla,3,2020-02-05,2020-07-04,2020-02-08,2020-07-12,finalizado,180000,208350,248560.84,40210.84,3600,4167,media,1
231,Proy-2022-recontextualiza,17,2022-10-23,2023-09-04,2022-10-25,2023-08-12,finalizado,409536,506574,596369.35,89795.35,7584,9381,alta,1
232,Proy-2016-integra,4,2016-08-05,2016-12-11,2016-08-08,2016-09-30,cancelado,172032,0,258614.51,0.0,4096,0,alta,4
233,Proy-2020-mezcla,7,2020-02-07,2020-05-21,2020-02-12,2020-05-21,finalizado,166400,181200,234611.02,53411.02,3328,3624,media,1
234,Proy-2017-maneja,17,2017-12-28,2018-11-30,2018-01-06,2019-04-14,finalizado,744096,891342,989379.27,98037.27,16176,19377,baja,1
235,Proy-2017-mezcla,15,2017-09-30,2018-06-21,2017-09-28,2018-08-03,finalizado,464640,475068,739051.82,263983.82,10560,10797,baja,1
236,Proy-2021-cultiva,19,2021-06-24,2022-03-10,2021-06-24,2022-04-11,finalizado,430976,536744,604573.2,67829.2,8288,10322,alta,3
237,Proy-2018-modifica,18,2018-10-22,2019-10-12,2018-10-17,2019-12-31,finalizado,783840,892170,1166015.54,273845.54,17040,19395,alta,5
238,Proy-2017-maximiza,4,2017-12-19,2018-03-16,2017-12-16,2018-03-28,finalizado,214368,226908,322076.45,95168.45,4872,5157,baja,1
239,Proy-2018-innova,14,2018-05-17,2019-03-07,2018-05-21,2019-05-12,finalizado,757344,881452,1181210.88,299758.88,16464,19162,baja,1
240,Proy-2023-revoluciona,2,2023-02-11,2023-10-01,2023-02-14,2023-12-07,finalizado,311808,376040,472109.11,96069.11,5568,6715,baja,1
241,Proy-2017-incuba,3,2017-07-21,2018-03-11,2017-07-18,2018-04-24,finalizado,328064,423676,439779.22,16103.22,7456,9629,baja,5
242,Proy-2025-revoluciona,4,2025-06-04,2025-07-21,2025-06-14,,en curso,67680,0,99511.85,0.0,1128,0,media,2
243,Proy-2019-incuba,19,2019-01-30,2019-05-11,2019-02-06,2019-02-18,cancelado,232704,0,313206.4,0.0,4848,0,baja,1
244,Proy-2023-explota,15,2023-05-25,2023-12-30,2023-05-31,2024-03-15,finalizado,784896,799848,1117698.76,317850.76,14016,14283,baja,5
245,Proy-2021-visualiza,6,2021-03-25,2021-11-27,2021-04-03,2022-01-18,finalizado,513760,560976,704118.17,143142.17,9880,10788,alta,4
246,Proy-2022-redefine,15,2022-08-23,2023-03-13,2022-08-23,2022-10-09,cancelado,698112,0,1004310.97,0.0,12928,0,baja,3
247,Proy-2024-integra,13,2024-02-01,2024-04-29,2024-01-27,2024-04-19,finalizado,326656,381582,451683.69,70101.69,5632,6579,alta,3
248,Proy-2023-abraza,10,2023-07-11,2023-11-23,2023-07-17,2023-12-04,finalizado,181440,210728,256091.82,45363.82,3240,3763,media,4
249,Proy-2021-explota,16,2021-05-04,2021-11-09,2021-05-04,2022-01-01,finalizado,393120,435552,563440.19,127888.19,7560,8376,alta,2
250,Proy-2020-redefine,11,2020-08-11,2021-01-08,2020-08-07,2021-01-20,finalizado,360000,325900,479521.16,153621.16,7200,6518,media,3
251,Proy-2023-reinventa,10,2023-09-19,2024-03-09,2023-09-26,2024-03-15,finalizado,462336,558096,707706.37,149610.37,8256,9966,alta,2
252,Proy-2016-evoluciona,9,2016-11-27,2017-06-21,2016-11-24,2017-06-18,finalizado,207648,264852,278687.42,13835.42,4944,6306,media,1
253,Proy-2017-recontextualiza,6,2017-09-24,2018-04-02,2017-09-21,2018-03-09,cancelado,334400,0,437581.41,0.0,7600,0,baja,2
254,Proy-2021-innova,5,2021-09-03,2022-05-16,2021-09-13,2022-06-27,finalizado,742560,836576,1076316.26,239740.26,14280,16088,baja,4
255,Proy-2018-incentiva,1,2018-03-25,2018-07-14,2018-03-31,2018-06-30,cancelado,204240,0,268185.08,0.0,4440,0,alta,5
256,Proy-2024-integra,4,2024-07-05,2025-05-07,2024-07-04,2025-06-03,finalizado,1135872,1151010,1816049.55,665039.55,19584,19845,alta,4
257,Proy-2022-extiende,12,2022-08-06,2022-11-01,2022-08-01,2022-11-04,finalizado,225504,243378,311483.51,68105.51,4176,4507,media,4
258,Proy-2021-entrega,3,2021-03-19,2021-09-09,2021-03-25,2021-10-22,finalizado,217152,211848,320267.69,108419.69,4176,4074,media,4
259,Proy-2025-modifica,13,2025-03-02,2025-07-25,2025-03-11,,en curso,208800,0,332767.28,0.0,3480,0,media,1
260,Proy-2017-entrega,12,2017-12-14,2018-09-13,2017-12-20,2018-11-27,finalizado,384384,446644,568226.81,121582.81,8736,10151,media,1
261,Proy-2017-maneja,3,2017-07-25,2018-03-25,2017-08-01,2018-05-16,finalizado,513216,551408,755964.51,204556.51,11664,12532,media,4
262,Proy-2021-monetiza,4,2021-10-15,2022-01-30,2021-10-16,2022-02-24,finalizado,133536,139048,181958.26,42910.26,2568,2674,baja,1
263,Proy-2016-fortalece,2,2016-08-08,2017-05-08,2016-08-03,2017-04-06,finalizado,733824,714462,969191.12,254729.12,17472,17011,alta,5
264,Proy-2023-modifica,3,2023-02-08,2023-08-26,2023-02-13,2023-10-09,finalizado,356608,437472,506675.71,69203.71,6368,7812,alta,3
265,Proy-2018-transiciona,20,2018-09-29,2019-09-10,2018-10-07,2019-12-27,finalizado,1018624,1225394,1346320.52,120926.52,22144,26639,media,4
266,Proy-2020-mejora,6,2020-03-21,2020-08-30,2020-03-22,2020-09-16,finalizado,518400,632850,800412.96,167562.96,10368,12657,media,1
267,Proy-2019-revoluciona,2,2019-03-01,2019-04-17,2019-02-27,2019-04-14,finalizado,72192,86928,96815.11,9887.11,1504,1811,media,3
268,Proy-2018-optimiza,7,2018-11-20,2019-07-16,2018-11-17,2019-10-05,finalizado,613088,652372,952558.75,300186.75,13328,14182,media,1
269,Proy-2019-revoluciona,4,2019-11-28,2020-02-06,2019-12-08,2020-03-10,finalizado,107520,129936,147864.2,17928.2,2240,2707,media,2
270,Proy-2024-genera,13,2024-06-18,2024-12-21,2024-06-28,2025-02-11,finalizado,690432,803416,923199.11,119783.11,11904,13852,media,5
271,Proy-2022-escala,2,2022-04-30,2023-02-28,2022-04-30,2023-04-21,finalizado,1050624,1117746,1461515.41,343769.41,19456,20699,baja,5
272,Proy-2016-innova,17,2016-04-07,2016-07-12,2016-04-05,2016-08-07,finalizado,129024,125412,197931.59,72519.59,3072,2986,media,3
273,Proy-2019-monetiza,7,2019-03-07,2019-05-23,2019-03-09,2019-06-12,finalizado,118272,108288,186837.22,78549.22,2464,2256,alta,1
274,Proy-2021-maximiza,7,2021-08-05,2022-05-30,2021-08-04,2022-05-05,finalizado,991744,1186224,1579790.97,393566.97,19072,22812,media,5
275,Proy-2023-implementa,9,2023-05-26,2023-11-25,2023-05-29,2023-11-10,finalizado,327936,370776,457482.36,86706.36,5856,6621,alta,1
276,Proy-2020-maneja,11,2020-10-22,2021-07-23,2020-10-23,2021-09-15,finalizado,328800,313700,434725.91,121025.91,6576,6274,media,5
277,Proy-2020-orquesta,11,2020-10-18,2021-03-22,2020-10-23,2021-05-03,finalizado,248000,233100,374947.99,141847.99,4960,4662,media,5
278,Proy-2025-modifica,8,2025-10-22,2026-03-08,2025-10-28,,planificado,263040,0,388188.26,0.0,4384,0,baja,3
279,Proy-2018-implementa,4,2018-07-28,2019-07-09,2018-07-28,2019-08-27,finalizado,509312,571688,672845.79,101157.79,11072,12428,media,3
280,Proy-2018-utiliza,14,2018-03-31,2018-09-12,2018-04-03,2018-09-18,finalizado,364320,368506,581198.14,212692.14,7920,8011,baja,5
281,Proy-2017-orquesta,2,2017-10-23,2018-02-11,2017-10-20,2018-01-28,finalizado,273504,340560,427279.87,86719.87,6216,7740,media,1
282,Proy-2018-orquesta,19,2018-10-15,2019-01-04,2018-10-21,2019-02-02,finalizado,89424,85468,133049.73,47581.73,1944,1858,alta,3
283,Proy-2020-optimiza,1,2020-01-25,2020-06-29,2020-01-31,2020-07-24,finalizado,312000,337350,446815.08,109465.08,6240,6747,baja,1
284,Proy-2016-abraza,12,2016-05-12,2016-11-10,2016-05-22,2016-12-31,finalizado,366912,330624,502900.68,172276.68,8736,7872,alta,2
285,Proy-2025-optimiza,9,2025-02-20,2025-10-10,2025-02-22,,en curso,890880,0,1311529.53,0.0,14848,0,media,2
286,Proy-2022-utiliza,10,2022-12-09,2023-07-29,2022-12-15,2023-07-17,finalizado,501120,590814,721462.13,130648.13,9280,10941,media,1
287,Proy-2018-habilita,7,2018-11-30,2019-11-28,2018-11-30,2020-02-05,finalizado,534336,613226,779518.94,166292.94,11616,13331,baja,5
288,Proy-2019-maneja,15,2019-02-04,2019-06-22,2019-02-03,2019-05-11,cancelado,158976,0,236492.25,0.0,3312,0,baja,3
289,Proy-2019-compromete,14,2019-10-04,2020-07-14,2019-10-10,2020-10-16,finalizado,763392,958224,1001955.9,43731.9,15904,19963,baja,5
290,Proy-2019-sinergiza,18,2019-02-12,2019-09-20,2019-02-11,2019-11-11,finalizado,675840,611280,1032673.99,421393.99,14080,12735,alta,1
291,Proy-2019-recontextualiza,2,2019-01-16,2019-05-24,2019-01-23,2019-06-06,finalizado,245760,268224,372850.12,104626.12,5120,5588,media,1
292,Proy-2025-transiciona,1,2025-08-02,2026-07-20,2025-08-12,2026-12-14,finalizado,675840,708480,1045106.14,336626.14,11264,11808,media,3
293,Proy-2016-crece,8,2016-01-03,2016-12-25,2016-01-13,2016-07-29,cancelado,359856,0,495257.47,0.0,8568,0,media,2
294,Proy-2022-transforma,11,2022-02-13,2022-12-31,2022-02-14,2023-01-20,finalizado,1109376,1143558,1722994.02,579436.02,20544,21177,baja,1
295,Proy-2022-implementa,17,2022-03-27,2022-11-08,2022-04-06,2022-11-02,finalizado,488160,620568,709573.71,89005.71,9040,11492,alta,2
296,Proy-2016-entrega,17,2016-06-26,2017-03-31,2016-06-30,2017-06-19,finalizado,747264,850332,1166710.64,316378.64,17792,20246,media,2
297,Proy-2024-optimiza,9,2024-10-18,2025-06-25,2024-10-20,2025-07-17,finalizado,348000,412728,484654.84,71926.84,6000,7116,alta,2
298,Proy-2016-sintetiza,14,2016-08-06,2017-03-18,2016-08-07,2017-04-27,finalizado,301056,371574,452922.35,81348.35,7168,8847,baja,2
299,Proy-2020-maneja,14,2020-08-03,2021-03-08,2020-08-08,2021-05-07,finalizado,260400,252700,415066.74,162366.74,5208,5054,media,4
300,Proy-2023-crea,20,2023-01-23,2023-06-04,2023-01-18,2023-07-20,finalizado,354816,332640,553704.99,221064.99,6336,5940,baja,4
301,Proy-2022-libera,3,2022-01-01,2022-02-15,2022-01-06,2022-02-21,finalizado,136080,127494,178037.83,50543.83,2520,2361,alta,4
302,Proy-2023-abraza,14,2023-12-02,2024-04-06,2023-12-05,2024-05-05,finalizado,451584,488880,597599.38,108719.38,8064,8730,media,1
303,Proy-2018-fortalece,10,2018-08-09,2019-02-04,2018-08-18,2019-03-03,finalizado,461104,560464,696507.27,136043.27,10024,12184,alta,1
304,Proy-2021-incuba,19,2021-03-31,2021-12-20,2021-03-31,2022-03-08,finalizado,329472,358072,498291.0,140219.0,6336,6886,alta,4
305,Proy-2018-revoluciona,12,2018-01-24,2018-04-19,2018-02-01,2018-05-10,finalizado,250240,229586,350575.12,120989.12,5440,4991,baja,5
306,Proy-2019-evoluciona,11,2019-12-19,2020-02-14,2019-12-16,2020-03-03,finalizado,175104,205872,246925.23,41053.23,3648,4289,media,2
307,Proy-2023-crece,14,2023-01-26,2023-12-11,2023-01-29,2023-12-27,finalizado,428736,486304,583997.23,97693.23,7656,8684,baja,1
308,Proy-2020-facilita,2,2020-10-25,2021-07-07,2020-11-04,2021-07-20,finalizado,510000,519100,719917.04,200817.04,10200,10382,media,2
309,Proy-2022-evoluciona,18,2022-08-22,2023-01-18,2022-08-19,2023-02-17,finalizado,193104,198396,272981.28,74585.28,3576,3674,media,5
310,Proy-2021-empodera,6,2021-03-09,2021-12-12,2021-03-08,2021-11-18,finalizado,462592,431912,647443.69,215531.69,8896,8306,media,3
311,Proy-2018-optimiza,14,2018-12-27,2019-03-15,2018-12-30,2019-04-01,finalizado,143520,133262,190137.53,56875.53,3120,2897,alta,5
312,Proy-2019-mezcla,17,2019-07-24,2019-10-14,2019-07-21,2019-10-18,finalizado,251904,267456,354945.78,87489.78,5248,5572,baja,4
313,Proy-2022-fortalece,19,2022-01-07,2022-04-29,2022-01-02,2022-04-27,finalizado,338688,321300,463127.68,141827.68,6272,5950,media,5
314,Proy-2022-mezcla,11,2022-01-04,2022-10-30,2022-01-04,2022-10-22,cancelado,775008,0,1174180.89,0.0,14352,0,media,1
315,Proy-2024-crece,11,2024-08-08,2024-12-22,2024-08-10,2024-12-13,finalizado,504832,483314,683161.76,199847.76,8704,8333,alta,3
316,Proy-2016-empodera,11,2016-05-16,2017-02-20,2016-05-11,2017-04-23,finalizado,282240,295680,418397.4,122717.4,6720,7040,baja,3
317,Proy-2019-abraza,13,2019-04-11,2020-03-01,2019-04-18,2020-05-31,finalizado,499200,483600,747123.6,263523.6,10400,10075,alta,5
318,Proy-2025-agrega,19,2025-11-19,2026-10-28,2025-11-20,,en curso,658560,0,1001771.39,0.0,10976,0,media,4
319,Proy-2017-optimiza,20,2017-06-24,2017-12-10,2017-07-03,2018-02-03,finalizado,475904,466796,638821.35,172025.35,10816,10609,media,2
320,Proy-2021-sintetiza,8,2021-01-30,2021-03-25,2021-01-31,2021-04-01,finalizado,134784,143468,185266.41,41798.41,2592,2759,baja,4
321,Proy-2018-entrega,17,2018-10-26,2019-09-17,2018-10-25,2019-12-31,finalizado,599840,703340,921899.21,218559.21,13040,15290,media,4
322,Proy-2024-mejora,3,2024-03-21,2024-05-10,2024-03-28,2024-05-12,finalizado,162400,194822,237936.58,43114.58,2800,3359,media,4
323,Proy-2025-modifica,1,2025-04-19,2026-01-17,2025-04-15,,en curso,524160,0,824974.53,0.0,8736,0,baja,3
324,Proy-2024-crea,20,2024-05-23,2024-08-04,2024-05-23,2024-08-24,finalizado,203232,248472,317061.23,68589.23,3504,4284,baja,1
325,Proy-2019-modifica,11,2019-09-27,2020-02-09,2019-09-22,2020-01-02,cancelado,311040,0,456167.75,0.0,6480,0,media,2
326,Proy-2021-incentiva,8,2021-07-20,2021-10-03,2021-07-17,2021-10-26,finalizado,124800,162188,179541.23,17353.23,2400,3119,media,2
327,Proy-2022-habilita,17,2022-02-20,2022-11-25,2022-03-02,2023-02-23,finalizado,720576,840672,1151606.78,310934.78,13344,15568,alta,3
328,Proy-2017-entrega,1,2017-07-20,2018-06-09,2017-07-28,2018-05-17,finalizado,912384,878284,1321957.78,443673.78,20736,19961,baja,1
329,Proy-2021-abraza,1,2021-06-29,2021-08-06,2021-07-01,2021-08-16,finalizado,94848,87100,126201.47,39101.47,1824,1675,alta,4
330,Proy-2018-innova,18,2018-03-22,2019-02-07,2018-03-18,2019-01-20,finalizado,829472,946220,1204996.5,258776.5,18032,20570,alta,1
331,Proy-2024-genera,17,2024-05-25,2025-05-06,2024-05-24,2025-04-19,finalizado,802720,990640,1079179.87,88539.87,13840,17080,baja,2
332,Proy-2025-orquesta,2,2025-11-23,2026-07-01,2025-11-28,,planificado,422400,0,562481.79,0.0,7040,0,media,1
333,Proy-2022-itera,5,2022-04-20,2022-06-16,2022-04-23,2022-05-21,cancelado,147744,0,223148.04,0.0,2736,0,alta,2
334,Proy-2019-integra,4,2019-04-27,2020-01-28,2019-04-25,2020-03-22,finalizado,635904,704112,916501.71,212389.71,13248,14669,baja,3
335,Proy-2022-explota,20,2022-01-18,2022-05-02,2022-01-21,2022-06-01,finalizado,314496,379188,466918.35,87730.35,5824,7022,alta,4
336,Proy-2018-orquesta,14,2018-06-11,2019-01-06,2018-06-13,2019-01-09,finalizado,307648,305118,487278.96,182160.96,6688,6633,alta,1
337,Proy-2025-extiende,16,2025-11-02,2026-08-15,2025-11-10,,en curso,686400,0,1077176.05,0.0,11440,0,media,5
338,Proy-2017-explota,20,2017-06-15,2018-02-21,2017-06-20,2018-02-17,finalizado,353408,347336,501834.46,154498.46,8032,7894,alta,4
339,Proy-2017-agrega,2,2017-05-30,2018-01-08,2017-05-28,2018-03-25,finalizado,549472,671704,781818.67,110114.67,12488,15266,alta,1
340,Proy-2016-facilita,1,2016-09-23,2017-01-25,2016-10-02,2016-10-13,cancelado,124992,0,189058.84,0.0,2976,0,media,4
341,Proy-2016-redefine,6,2016-11-15,2017-01-26,2016-11-17,2017-01-22,finalizado,96768,125244,148175.94,22931.94,2304,2982,baja,2
342,Proy-2021-extiende,2,2021-03-27,2022-01-02,2021-03-27,2022-02-18,finalizado,467584,590772,729452.59,138680.59,8992,11361,baja,1
343,Proy-2021-extiende,18,2021-06-26,2021-11-24,2021-06-27,2021-11-28,finalizado,376896,408928,501057.77,92129.77,7248,7864,alta,5
344,Proy-2021-agrega,19,2021-03-02,2021-04-18,2021-03-06,2021-05-03,finalizado,117312,115492,156835.99,41343.99,2256,2221,baja,2
345,Proy-2024-monetiza,19,2024-11-30,2025-10-16,2024-12-08,,en curso,445440,0,630664.08,0.0,7680,0,alta,4
346,Proy-2023-reinventa,9,2023-05-01,2023-08-07,2023-05-03,2023-08-10,finalizado,175616,158984,269950.37,110966.37,3136,2839,baja,2
347,Proy-2017-utiliza,4,2017-01-06,2017-03-19,2017-01-09,2017-03-16,finalizado,76032,72072,116312.49,44240.49,1728,1638,baja,4
348,Proy-2022-implementa,9,2022-10-25,2023-08-08,2022-10-24,2023-10-08,finalizado,991872,1173366,1469824.18,296458.18,18368,21729,baja,3
349,Proy-2022-mezcla,2,2022-12-30,2023-08-04,2022-12-28,2023-08-05,finalizado,281232,291816,429900.48,138084.48,5208,5404,alta,2
350,Proy-2024-escala,16,2024-10-07,2025-09-02,2024-10-11,2025-02-17,cancelado,459360,0,598213.29,0.0,7920,0,alta,3
351,Proy-2020-maximiza,16,2020-11-12,2021-09-14,2020-11-09,2021-08-27,finalizado,734400,687700,958723.4,271023.4,14688,13754,media,4
352,Proy-2017-incuba,14,2017-06-20,2018-02-08,2017-06-19,2018-05-03,finalizado,328064,410388,465832.04,55444.04,7456,9327,baja,4
353,Proy-2021-sinergiza,4,2021-09-22,2022-01-25,2021-09-24,2022-03-08,finalizado,312000,397852,458016.76,60164.76,6000,7651,baja,1
354,Proy-2020-evoluciona,7,2020-10-11,2020-12-14,2020-10-17,2020-12-26,finalizado,179200,178500,262996.87,84496.87,3584,3570,media,5
355,Proy-2017-evoluciona,11,2017-03-31,2018-01-31,2017-04-08,2018-05-09,finalizado,646272,756932,923117.62,166185.62,14688,17203,alta,1
356,Proy-2017-itera,8,2017-03-05,2017-08-26,2017-03-07,2017-09-09,finalizado,244992,299288,347111.15,47823.15,5568,6802,baja,2
357,Proy-2019-crea,13,2019-12-24,2020-08-19,2019-12-31,2020-10-30,finalizado,458880,550752,611500.98,60748.98,9560,11474,media,3
358,Proy-2016-redefine,19,2016-10-06,2017-06-26,2016-10-07,2017-10-01,finalizado,265104,305340,399398.61,94058.61,6312,7270,baja,2
359,Proy-2024-escala,1,2024-11-16,2025-09-16,2024-11-17,2025-12-30,finalizado,564224,693216,882977.9,189761.9,9728,11952,baja,4
360,Proy-2018-explota,17,2018-03-21,2019-03-08,2018-03-25,2019-05-14,finalizado,906752,1054780,1282706.37,227926.37,19712,22930,baja,1
361,Proy-2018-maneja,4,2018-06-29,2018-10-13,2018-07-02,2018-10-06,finalizado,117024,110584,181850.66,71266.66,2544,2404,alta,4
362,Proy-2025-libera,3,2025-09-19,2026-03-08,2025-09-16,,en curso,489600,0,670083.43,0.0,8160,0,media,2
363,Proy-2019-sintetiza,18,2019-05-18,2019-09-22,2019-05-26,2019-10-18,finalizado,390144,485520,609675.76,124155.76,8128,10115,media,1
364,Proy-2019-orquesta,13,2019-03-20,2019-05-27,2019-03-25,2019-06-24,finalizado,130560,148704,193124.25,44420.25,2720,3098,media,1
365,Proy-2024-monetiza,14,2024-12-27,2025-12-14,2024-12-23,,en curso,489984,0,724999.18,0.0,8448,0,alta,3
366,Proy-2021-reinventa,5,2021-10-04,2022-02-08,2021-10-06,2021-12-21,cancelado,422656,0,601217.08,0.0,8128,0,baja,1
367,Proy-2018-mejora,12,2018-11-29,2019-02-10,2018-12-03,2019-02-22,finalizado,134320,139702,194040.19,54338.19,2920,3037,baja,5
368,Proy-2017-extiende,17,2017-08-15,2017-10-10,2017-08-22,2017-10-13,finalizado,59136,64108,80277.62,16169.62,1344,1457,baja,2
369,Proy-2021-maneja,7,2021-10-15,2022-06-02,2021-10-16,2022-07-11,finalizado,574080,577304,790656.81,213352.81,11040,11102,alta,2
370,Proy-2017-reinventa,14,2017-11-05,2018-08-17,2017-11-03,2018-12-06,finalizado,501600,626648,795931.51,169283.51,11400,14242,baja,4
371,Proy-2016-genera,8,2016-11-23,2017-01-05,2016-12-03,2017-01-03,cancelado,115584,0,177382.97,0.0,2752,0,baja,1
372,Proy-2019-agrega,13,2019-07-24,2020-05-24,2019-07-28,2020-01-30,cancelado,351360,0,489371.88,0.0,7320,0,alta,3
373,Proy-2025-habilita,3,2025-01-06,2025-08-05,2025-01-16,2025-09-25,finalizado,303840,374280,430047.01,55767.01,5064,6238,alta,3
374,Proy-2023-escala,12,2023-06-03,2024-05-10,2023-06-09,2023-09-16,cancelado,766080,0,1108952.8,0.0,13680,0,baja,1
375,Proy-2017-extiende,18,2017-08-12,2018-06-06,2017-08-10,2018-05-09,finalizado,839168,918940,1300287.27,381347.27,19072,20885,media,5
376,Proy-2017-incuba,8,2017-02-18,2018-02-02,2017-02-27,2018-06-04,finalizado,491392,516648,696512.8,179864.8,11168,11742,alta,5
377,Proy-2023-incuba,17,2023-05-07,2023-08-22,2023-05-03,2023-08-23,finalizado,335552,412776,499496.3,86720.3,5992,7371,baja,3
378,Proy-2023-modifica,2,2023-09-24,2024-05-17,2023-09-28,2024-07-30,finalizado,317184,389424,432296.81,42872.81,5664,6954,alta,2
379,Proy-2018-explota,16,2018-04-15,2019-01-03,2018-04-21,2019-01-23,finalizado,580704,655086,829451.98,174365.98,12624,14241,baja,3
380,Proy-2023-explota,16,2023-04-26,2024-02-16,2023-04-21,2024-02-18,finalizado,530432,673008,739421.24,66413.24,9472,12018,media,3
381,Proy-2025-libera,19,2025-08-07,2026-04-18,2025-08-13,2026-05-13,finalizado,365760,334140,571167.37,237027.37,6096,5569,baja,4
382,Proy-2025-sinergiza,11,2025-08-27,2025-11-06,2025-08-23,2025-11-14,finalizado,170400,206820,244704.91,37884.91,2840,3447,media,4
383,Proy-2018-empodera,6,2018-08-25,2019-07-23,2018-09-03,2019-11-14,finalizado,733056,943874,1128237.02,184363.02,15936,20519,media,1
384,Proy-2021-monetiza,5,2021-02-22,2021-05-29,2021-02-21,2021-06-28,finalizado,239616,277420,343286.27,65866.27,4608,5335,media,1
385,Proy-2019-monetiza,13,2019-02-17,2019-03-27,2019-02-18,2019-04-05,finalizado,87552,94128,128419.8,34291.8,1824,1961,baja,5
386,Proy-2019-innova,18,2019-11-17,2020-04-14,2019-11-14,2020-04-19,finalizado,457728,547200,649966.02,102766.02,9536,11400,alta,3
387,Proy-2018-monetiza,5,2018-03-10,2018-12-13,2018-03-15,2019-02-09,finalizado,613824,653798,952524.29,298726.29,13344,14213,alta,1
388,Proy-2019-modifica,13,2019-07-08,2020-02-09,2019-07-09,2020-04-10,finalizado,580608,655200,880899.09,225699.09,12096,13650,alta,1
389,Proy-2021-evoluciona,18,2021-04-17,2021-10-07,2021-04-26,2021-11-23,finalizado,575744,638820,866764.64,227944.64,11072,12285,media,2
390,Proy-2017-sintetiza,16,2017-08-21,2018-04-05,2017-08-19,2018-05-23,finalizado,639232,762124,940594.93,178470.93,14528,17321,alta,2
391,Proy-2021-maneja,9,2021-12-11,2022-09-15,2021-12-06,2022-12-23,finalizado,925184,998088,1252665.17,254577.17,17792,19194,alta,3
392,Proy-2017-fortalece,20,2017-09-28,2018-03-01,2017-10-02,2018-03-08,finalizado,379456,428560,601924.6,173364.6,8624,9740,media,5
393,Proy-2018-escala,16,2018-12-05,2019-06-04,2018-12-07,2019-06-18,finalizado,399648,400430,569253.65,168823.65,8688,8705,baja,4
394,Proy-2022-maximiza,2,2022-06-22,2022-10-24,2022-06-24,2022-12-07,finalizado,267840,251748,423740.16,171992.16,4960,4662,baja,3
395,Proy-2019-transiciona,20,2019-12-09,2020-09-17,2019-12-19,2020-10-30,finalizado,543360,553440,769258.34,215818.34,11320,11530,media,5
396,Proy-2024-facilita,8,2024-03-10,2024-09-08,2024-03-18,2024-11-06,finalizado,675584,652964,1015846.26,362882.26,11648,11258,baja,1
397,Proy-2019-libera,17,2019-03-12,2019-07-28,2019-03-09,2019-09-13,finalizado,158976,162528,233404.67,70876.67,3312,3386,media,5
398,Proy-2024-sinergiza,19,2024-01-15,2024-12-29,2024-01-16,2025-04-18,finalizado,1295488,1283134,1704633.27,421499.27,22336,22123,media,4
399,Proy-2016-mejora,17,2016-08-04,2017-02-24,2016-08-07,2017-03-08,finalizado,548352,503202,739427.25,236225.25,13056,11981,baja,1
400,Proy-2019-compromete,17,2019-04-22,2020-03-31,2019-04-26,2020-07-28,finalizado,396288,357072,594860.25,237788.25,8256,7439,baja,3
401,Proy-2020-monetiza,10,2020-11-20,2021-09-11,2020-11-27,2021-09-12,finalizado,944000,896500,1295187.25,398687.25,18880,17930,media,1
402,Proy-2017-transiciona,20,2017-09-01,2018-05-10,2017-08-28,2018-05-31,finalizado,530112,622468,738530.17,116062.17,12048,14147,media,1
403,Proy-2021-incentiva,13,2021-01-31,2021-10-30,2021-02-02,2021-11-11,finalizado,792064,936208,1261619.59,325411.59,15232,18004,baja,4
404,Proy-2025-innova,12,2025-04-07,2025-09-20,2025-04-12,,en curso,398400,0,592043.53,0.0,6640,0,media,4
405,Proy-2021-explota,5,2021-03-04,2021-10-15,2021-03-12,2021-11-24,finalizado,561600,638352,846166.17,207814.17,10800,12276,alta,4
406,Proy-2024-redefine,11,2024-05-30,2024-09-02,2024-05-28,2024-09-15,finalizado,308560,342896,470944.46,128048.46,5320,5912,alta,4
407,Proy-2023-monetiza,3,2023-12-31,2024-09-27,2023-12-30,2025-01-02,finalizado,728448,865200,1132257.59,267057.59,13008,15450,media,3
408,Proy-2022-optimiza,7,2022-07-26,2022-09-16,2022-07-31,2022-10-06,finalizado,157248,199476,248199.49,48723.49,2912,3694,baja,5
409,Proy-2021-mezcla,9,2021-01-24,2021-04-26,2021-01-24,2021-04-21,finalizado,229632,256360,326933.43,70573.43,4416,4930,media,5
410,Proy-2017-mejora,5,2017-04-07,2017-10-14,2017-04-07,2017-10-12,finalizado,267520,292160,396124.54,103964.54,6080,6640,media,4
411,Proy-2025-abraza,10,2025-02-11,2025-06-03,2025-02-06,,planificado,268800,0,350419.57,0.0,4480,0,baja,1
412,Proy-2023-cultiva,1,2023-11-23,2024-02-06,2023-11-30,2024-02-07,finalizado,268800,334600,371482.71,36882.71,4800,5975,baja,5
413,Proy-2017-innova,7,2017-09-23,2018-09-17,2017-09-30,2018-02-28,cancelado,758208,0,1120436.87,0.0,17232,0,alta,4
414,Proy-2019-mejora,10,2019-10-08,2020-05-13,2019-10-11,2019-10-21,cancelado,418560,0,663428.76,0.0,8720,0,media,1
415,Proy-2021-sintetiza,15,2021-05-29,2022-04-23,2021-06-06,2022-04-02,finalizado,1094912,1105780,1657751.96,551971.96,21056,21265,media,3
416,Proy-2019-recontextualiza,7,2019-01-20,2019-07-18,2019-01-26,2019-08-25,finalizado,481152,526608,719891.27,193283.27,10024,10971,media,2
417,Proy-2023-monetiza,6,2023-04-06,2023-06-01,2023-04-03,2023-05-23,finalizado,75264,86464,99126.83,12662.83,1344,1544,baja,5
418,Proy-2019-transforma,13,2019-07-14,2020-06-16,2019-07-10,2020-06-07,finalizado,519168,545040,796674.94,251634.94,10816,11355,alta,4
419,Proy-2023-sintetiza,13,2023-03-11,2023-10-02,2023-03-06,2023-11-06,finalizado,734720,936824,1025764.57,88940.57,13120,16729,baja,4
420,Proy-2016-escala,14,2016-09-16,2017-05-20,2016-09-17,2017-06-27,finalizado,413280,382620,654946.72,272326.72,9840,9110,alta,1
421,Proy-2024-mezcla,20,2024-06-13,2025-02-24,2024-06-09,2025-03-15,finalizado,950272,1216028,1392006.74,175978.74,16384,20966,baja,5
422,Proy-2018-empodera,12,2018-12-02,2019-03-30,2018-12-06,2019-04-17,finalizado,217120,212428,330897.34,118469.34,4720,4618,alta,4
423,Proy-2021-crece,20,2021-06-19,2022-05-02,2021-06-14,2022-04-13,finalizado,923104,1055964,1412122.77,356158.77,17752,20307,media,1
424,Proy-2018-incuba,7,2018-02-12,2018-04-24,2018-02-10,2018-05-01,finalizado,130640,158884,172827.76,13943.76,2840,3454,baja,5
425,Proy-2016-facilita,13,2016-07-31,2017-04-09,2016-07-28,2017-06-12,finalizado,677376,697326,1001063.99,303737.99,16128,16603,baja,2
426,Proy-2016-orquesta,17,2016-04-06,2017-04-04,2016-04-06,2017-06-30,finalizado,487872,585816,666198.28,80382.28,11616,13948,alta,2
427,Proy-2016-innova,7,2016-02-08,2017-01-24,2016-02-05,2017-05-26,finalizado,353808,439908,506190.48,66282.48,8424,10474,baja,2
428,Proy-2020-sintetiza,19,2020-06-28,2020-12-24,2020-06-26,2020-12-25,finalizado,429600,472300,623542.47,151242.47,8592,9446,baja,4
429,Proy-2025-genera,13,2025-07-14,2026-04-24,2025-07-15,2026-04-23,finalizado,681600,696540,1077526.37,380986.37,11360,11609,alta,3
430,Proy-2017-reinventa,8,2017-03-23,2017-05-29,2017-03-22,2017-06-18,finalizado,188672,211552,274789.97,63237.97,4288,4808,media,3
431,Proy-2025-abraza,4,2025-02-26,2025-05-14,2025-02-23,,en curso,258720,0,338550.32,0.0,4312,0,alta,3
432,Proy-2019-entrega,11,2019-02-04,2019-04-04,2019-02-14,2019-04-10,finalizado,67968,77664,95250.4,17586.4,1416,1618,alta,4
433,Proy-2019-fortalece,11,2019-03-26,2019-08-22,2019-03-21,2019-08-17,finalizado,400512,418512,547177.07,128665.07,8344,8719,media,5
434,Proy-2022-modifica,17,2022-05-28,2023-04-18,2022-05-24,2023-07-15,finalizado,421200,425628,625718.5,200090.5,7800,7882,media,5
435,Proy-2020-transforma,4,2020-11-12,2021-10-03,2020-11-10,2021-10-02,finalizado,520000,492450,678078.3,185628.3,10400,9849,media,3
436,Proy-2021-genera,2,2021-10-09,2022-02-04,2021-10-07,2022-02-01,finalizado,392704,494572,627662.45,133090.45,7552,9511,media,2
437,Proy-2025-reinventa,12,2025-11-09,2026-08-21,2025-11-17,2026-10-29,finalizado,410400,511980,641871.06,129891.06,6840,8533,baja,5
438,Proy-2020-visualiza,9,2020-05-21,2021-04-23,2020-05-28,2021-02-04,cancelado,1078400,0,1506810.42,0.0,21568,0,baja,2
439,Proy-2017-visualiza,19,2017-06-03,2017-08-27,2017-06-01,2017-09-26,finalizado,179520,212344,278920.85,66576.85,4080,4826,alta,3
440,Proy-2022-explota,20,2022-04-02,2022-05-11,2022-03-29,2022-05-18,finalizado,67392,75168,90224.36,15056.36,1248,1392,baja,2
441,Proy-2020-maximiza,16,2020-03-19,2020-06-25,2020-03-14,2020-07-21,finalizado,156800,146400,215552.72,69152.72,3136,2928,baja,2
442,Proy-2017-compromete,17,2017-10-20,2018-03-25,2017-10-29,2018-04-22,finalizado,329472,425172,514406.99,89234.99,7488,9663,baja,5
443,Proy-2019-optimiza,4,2019-03-07,2019-11-02,2019-03-03,2019-11-10,finalizado,368640,334416,499275.04,164859.04,7680,6967,baja,4
444,Proy-2020-redefine,8,2020-03-17,2020-09-07,2020-03-14,2020-11-08,finalizado,208800,207550,303037.45,95487.45,4176,4151,media,2
445,Proy-2020-sintetiza,19,2020-03-08,2020-05-24,2020-03-12,2020-06-17,finalizado,154000,189450,221514.6,32064.6,3080,3789,alta,4
446,Proy-2018-explota,13,2018-01-08,2018-02-18,2018-01-17,2018-02-26,finalizado,105616,97060,141018.94,43958.94,2296,2110,media,1
447,Proy-2017-fortalece,12,2017-10-06,2018-01-08,2017-10-04,2018-02-07,finalizado,231616,284020,305964.7,21944.7,5264,6455,alta,4
448,Proy-2025-explota,11,2025-09-19,2026-07-28,2025-09-20,2026-08-30,finalizado,898560,861600,1187102.86,325502.86,14976,14360,baja,1
449,Proy-2025-monetiza,15,2025-11-19,2026-02-03,2025-11-25,,en curso,255360,0,354799.49,0.0,4256,0,alta,2
450,Proy-2017-fortalece,14,2017-03-24,2017-10-06,2017-04-02,2017-11-18,finalizado,206976,196108,324318.26,128210.26,4704,4457,baja,5
451,Proy-2016-sintetiza,16,2016-01-31,2016-10-03,2016-02-03,2016-10-09,finalizado,247968,243558,348924.8,105366.8,5904,5799,baja,2
452,Proy-2017-evoluciona,3,2017-09-16,2018-01-10,2017-09-26,2018-02-06,finalizado,285824,302720,382670.72,79950.72,6496,6880,media,5
453,Proy-2022-monetiza,3,2022-12-20,2023-07-15,2022-12-17,2023-07-21,finalizado,447120,436752,694324.52,257572.52,8280,8088,baja,4
454,Proy-2017-abraza,6,2017-06-25,2018-04-04,2017-06-27,2018-03-16,cancelado,398464,0,584092.22,0.0,9056,0,media,1
455,Proy-2015-empodera,18,2015-12-26,2016-05-08,2016-01-02,2016-05-14,cancelado,225120,0,320008.31,0.0,5360,0,alta,2
456,Proy-2024-transiciona,20,2024-04-22,2024-08-20,2024-04-26,2024-09-24,finalizado,167040,195576,250469.42,54893.42,2880,3372,media,2
457,Proy-2021-libera,7,2021-08-03,2021-09-13,2021-08-01,2021-09-12,finalizado,102336,106340,157229.05,50889.05,1968,2045,alta,1
458,Proy-2024-empodera,16,2024-11-03,2025-04-07,2024-11-13,2025-04-20,finalizado,431520,407914,611541.96,203627.96,7440,7033,baja,1
459,Proy-2016-redefine,17,2016-06-29,2016-11-08,2016-06-29,2016-12-04,finalizado,354816,347424,463505.83,116081.83,8448,8272,media,1
460,Proy-2024-mejora,3,2024-12-26,2025-08-16,2025-01-02,,en curso,335520,0,464184.82,0.0,5592,0,baja,4
461,Proy-2017-crea,9,2017-08-30,2018-07-30,2017-09-06,2018-11-30,finalizado,352704,390060,549023.62,158963.62,8016,8865,alta,1
462,Proy-2023-sintetiza,18,2023-04-16,2023-07-04,2023-04-18,2023-07-13,finalizado,176960,229320,239106.02,9786.02,3160,4095,alta,1
463,Proy-2021-empodera,11,2021-03-30,2022-03-07,2021-04-06,2022-05-14,finalizado,853632,783016,1151083.61,368067.61,16416,15058,media,2
464,Proy-2018-cultiva,16,2018-07-30,2019-06-24,2018-08-04,2019-08-03,finalizado,726432,792304,1152930.83,360626.83,15792,17224,alta,3
465,Proy-2017-evoluciona,3,2017-06-09,2017-07-18,2017-06-19,2017-08-06,finalizado,109824,108724,162366.83,53642.83,2496,2471,baja,3
466,Proy-2024-integra,11,2024-09-10,2025-06-29,2024-09-05,2025-06-22,finalizado,406464,414526,640357.82,225831.82,7008,7147,media,2
467,Proy-2020-maximiza,7,2020-03-17,2020-10-10,2020-03-15,2020-09-26,finalizado,579600,597950,890999.61,293049.61,11592,11959,baja,2
468,Proy-2020-incuba,16,2020-03-25,2020-07-05,2020-04-03,2020-04-29,cancelado,204000,0,312663.64,0.0,4080,0,alta,3
469,Proy-2016-agrega,11,2016-08-07,2017-06-03,2016-08-12,2017-08-14,finalizado,806400,1037610,1136161.86,98551.86,19200,24705,alta,5
470,Proy-2019-redefine,1,2019-10-13,2020-01-21,2019-10-14,2020-02-02,finalizado,230400,236592,350807.55,114215.55,4800,4929,alta,1
471,Proy-2022-extiende,19,2022-10-29,2023-10-20,2022-10-31,2023-12-08,finalizado,922752,1127844,1438965.78,311121.78,17088,20886,baja,2
472,Proy-2025-empodera,8,2025-09-21,2026-09-04,2025-09-23,,en curso,835200,0,1091777.18,0.0,13920,0,alta,4
473,Proy-2025-sinergiza,11,2025-11-04,2026-08-21,2025-11-08,2026-09-12,finalizado,417600,510480,600462.58,89982.58,6960,8508,media,4
474,Proy-2017-entrega,2,2017-10-06,2018-05-16,2017-10-09,2018-07-14,finalizado,312576,345092,470807.45,125715.45,7104,7843,alta,4
475,Proy-2018-sinergiza,18,2018-11-18,2019-09-03,2018-11-13,2019-09-04,finalizado,531760,647588,846403.25,198815.25,11560,14078,alta,1
476,Proy-2024-incuba,4,2024-06-16,2024-12-21,2024-06-13,2024-12-11,finalizado,697856,812986,1048603.76,235617.76,12032,14017,media,5
477,Proy-2024-crece,6,2024-06-20,2024-12-23,2024-06-24,2025-02-17,finalizado,690432,741066,1006682.6,265616.6,11904,12777,alta,2
478,Proy-2021-redefine,14,2021-01-09,2021-07-25,2021-01-13,2021-08-21,finalizado,573664,635336,889297.12,253961.12,11032,12218,baja,4
479,Proy-2023-revoluciona,7,2023-06-13,2023-09-10,2023-06-09,2023-09-24,finalizado,279104,266112,440894.04,174782.04,4984,4752,alta,3
480,Proy-2021-genera,17,2021-06-18,2021-11-04,2021-06-14,2021-07-24,cancelado,289120,0,442873.93,0.0,5560,0,media,3
481,Proy-2020-transiciona,7,2020-12-17,2021-10-13,2020-12-21,2021-11-26,finalizado,480000,493800,765450.49,271650.49,9600,9876,baja,5
482,Proy-2022-sinergiza,15,2022-02-05,2022-03-26,2022-02-15,2022-04-22,finalizado,84672,92502,126238.97,33736.97,1568,1713,media,1
483,Proy-2023-sinergiza,14,2023-06-15,2024-05-12,2023-06-20,2024-04-16,finalizado,594944,584640,941727.73,357087.73,10624,10440,media,5
484,Proy-2018-genera,18,2018-08-27,2019-01-24,2018-09-01,2019-01-22,finalizado,331200,336996,507462.72,170466.72,7200,7326,baja,1
485,Proy-2023-revoluciona,12,2023-06-07,2023-07-24,2023-06-03,2023-07-30,finalizado,147392,146328,210892.13,64564.13,2632,2613,alta,2
486,Proy-2015-mezcla,10,2015-12-11,2016-06-24,2015-12-18,2016-06-23,finalizado,250880,255920,368245.51,112325.51,6272,6398,baja,3
487,Proy-2024-empodera,13,2024-06-14,2025-04-26,2024-06-09,2025-06-20,finalizado,733120,810956,1032999.29,222043.29,12640,13982,alta,4
488,Proy-2015-sinergiza,8,2015-12-09,2016-01-27,2015-12-09,2016-01-23,finalizado,109760,129040,156153.99,27113.99,2744,3226,baja,5
489,Proy-2018-fortalece,15,2018-08-09,2018-10-22,2018-08-16,2018-11-25,finalizado,108928,120060,155157.12,35097.12,2368,2610,media,4
490,Proy-2023-empodera,11,2023-02-04,2023-05-06,2023-02-09,2023-06-06,finalizado,122304,131208,185916.04,54708.04,2184,2343,baja,1
491,Proy-2017-transforma,15,2017-12-20,2018-04-19,2017-12-18,2018-04-19,finalizado,168960,156684,223345.24,66661.24,3840,3561,baja,1
492,Proy-2023-extiende,18,2023-06-09,2023-12-02,2023-06-08,2023-07-05,cancelado,236544,0,326255.75,0.0,4224,0,media,3
493,Proy-2020-genera,4,2020-03-24,2020-12-25,2020-03-26,2020-12-24,finalizado,331200,352950,502805.69,149855.69,6624,7059,baja,3
494,Proy-2022-transiciona,5,2022-08-23,2023-01-08,2022-08-21,2023-01-31,finalizado,357696,421794,519820.68,98026.68,6624,7811,alta,4
495,Proy-2016-genera,8,2016-02-11,2017-01-12,2016-02-13,2016-12-29,finalizado,338688,426090,441405.31,15315.31,8064,10145,alta,1
496,Proy-2017-monetiza,17,2017-01-25,2017-07-15,2017-01-22,2017-08-25,finalizado,361152,351780,536196.51,184416.51,8208,7995,alta,4
497,Proy-2017-mejora,3,2017-10-16,2018-02-26,2017-10-19,2018-04-07,finalizado,280896,311080,439044.81,127964.81,6384,7070,media,1
498,Proy-2022-implementa,4,2022-10-10,2023-09-10,2022-10-07,2023-08-14,finalizado,1013040,1183788,1568272.54,384484.54,18760,21922,baja,2
499,Proy-2025-compromete,16,2025-07-05,2026-02-12,2025-07-12,,planificado,745920,0,1156067.42,0.0,12432,0,media,3
500,Proy-2024-sinergiza,9,2024-07-18,2024-10-22,2024-07-25,2024-12-04,finalizado,311808,329614,430618.12,101004.12,5376,5683,baja,4
